"INDICATOR","HFA_476"

"HFA_476","Число больничных коек на 100000 населения"

"UNIT_TYPE","Единица"
"BEDS_100K","спальных мест на 100 000 населения"

"EXTERNID","Идентификатор в источнике данных"

"DATA_SOURCE","Источник данных"
"HFA","База данных "Здоровье для всех""

"DATA_TYPE_REPRESENTATION","Представление типов данных"
"RATIO","Соотношение"

"DATA_SET","Набор данных"
"HFA","База данных "Здоровье для всех" (ВОЗ)"

"DATA_MASK","Маска для контроля формата выходных значений"

"SEX","Пол"
"FEMALE","Женский"
"MALE","Мужской"
"ALL","Все"

"COUNTRY","COUNTRY_GRP","SEX","YEAR","VALUE"
"ALB","","ALL","1980","427.17"
"ALB","","ALL","1981","418.71"
"ALB","","ALL","1982","416.07"
"ALB","","ALL","1983","408.62"
"ALB","","ALL","1984","413.9"
"ALB","","ALL","1985","413.88"
"ALB","","ALL","1986","406.97"
"ALB","","ALL","1987","397"
"ALB","","ALL","1988","393.55"
"ALB","","ALL","1989","413.21"
"ALB","","ALL","1990","402.49"
"ALB","","ALL","1991","399.87"
"ALB","","ALL","1992","401.34"
"ALB","","ALL","1993","383.14"
"ALB","","ALL","1994","301.71"
"ALB","","ALL","1995","319.22"
"ALB","","ALL","1996","314.32"
"ALB","","ALL","1997","304.81"
"ALB","","ALL","1998","305.19"
"ALB","","ALL","1999","302.57"
"ALB","","ALL","2000","326.33"
"ALB","","ALL","2001","325.52"
"ALB","","ALL","2002","314.09"
"ALB","","ALL","2003","306.63"
"ALB","","ALL","2004","300.74"
"ALB","","ALL","2005","308.29"
"ALB","","ALL","2006","312.24"
"ALB","","ALL","2007","309.46"
"ALB","","ALL","2009","300.77"
"ALB","","ALL","2010","298.93"
"ALB","","ALL","2011","288.28"
"ALB","","ALL","2012","288.46"
"ALB","","ALL","2013","288.82"
"AND","","ALL","1996","317.91"
"AND","","ALL","1997","300.49"
"AND","","ALL","1998","309.49"
"AND","","ALL","1999","320.07"
"AND","","ALL","2000","320.15"
"AND","","ALL","2001","258.75"
"AND","","ALL","2002","367.07"
"AND","","ALL","2003","334.1"
"AND","","ALL","2004","276.15"
"AND","","ALL","2005","265.08"
"AND","","ALL","2006","257.87"
"AND","","ALL","2007","261.62"
"AND","","ALL","2009","253.91"
"ARM","","ALL","1980","839.54"
"ARM","","ALL","1981","857.84"
"ARM","","ALL","1982","868.28"
"ARM","","ALL","1983","854.81"
"ARM","","ALL","1984","866.01"
"ARM","","ALL","1985","869.92"
"ARM","","ALL","1986","902.42"
"ARM","","ALL","1987","899.66"
"ARM","","ALL","1988","919.04"
"ARM","","ALL","1989","903.58"
"ARM","","ALL","1990","909.48"
"ARM","","ALL","1991","852.93"
"ARM","","ALL","1992","836.77"
"ARM","","ALL","1993","884.92"
"ARM","","ALL","1994","866.86"
"ARM","","ALL","1995","880.62"
"ARM","","ALL","1996","827.78"
"ARM","","ALL","1997","787.43"
"ARM","","ALL","1998","780.53"
"ARM","","ALL","1999","729.37"
"ARM","","ALL","2000","644.43"
"ARM","","ALL","2001","502.5"
"ARM","","ALL","2002","434.75"
"ARM","","ALL","2003","442.44"
"ARM","","ALL","2004","443.65"
"ARM","","ALL","2005","446.09"
"ARM","","ALL","2006","441.97"
"ARM","","ALL","2007","406.82"
"ARM","","ALL","2008","382.12"
"ARM","","ALL","2009","372.04"
"ARM","","ALL","2010","373.46"
"ARM","","ALL","2011","374.36"
"ARM","","ALL","2012","404.78"
"ARM","","ALL","2013","405.96"
"ARM","","ALL","2014","416.28"
"AUT","","ALL","1985","993.63"
"AUT","","ALL","1986","991.2"
"AUT","","ALL","1987","979.01"
"AUT","","ALL","1988","965.21"
"AUT","","ALL","1989","951.42"
"AUT","","ALL","1990","928.96"
"AUT","","ALL","1991","904.5"
"AUT","","ALL","1992","883.44"
"AUT","","ALL","1993","869.37"
"AUT","","ALL","1994","859.59"
"AUT","","ALL","1995","853.68"
"AUT","","ALL","1996","843.99"
"AUT","","ALL","1997","834.33"
"AUT","","ALL","1998","819.54"
"AUT","","ALL","1999","808.2"
"AUT","","ALL","2000","794.78"
"AUT","","ALL","2001","784.78"
"AUT","","ALL","2002","780.64"
"AUT","","ALL","2003","773.64"
"AUT","","ALL","2004","773.69"
"AUT","","ALL","2005","768.95"
"AUT","","ALL","2006","766.26"
"AUT","","ALL","2007","775.23"
"AUT","","ALL","2008","769.3"
"AUT","","ALL","2009","768.08"
"AUT","","ALL","2010","765.55"
"AUT","","ALL","2011","767.92"
"AUT","","ALL","2012","767.73"
"AUT","","ALL","2013","764.7"
"AUT","","ALL","2014","761.01"
"AZE","","ALL","1980","973.95"
"AZE","","ALL","1985","989.68"
"AZE","","ALL","1986","984.11"
"AZE","","ALL","1987","988.21"
"AZE","","ALL","1988","996.63"
"AZE","","ALL","1989","1020.44"
"AZE","","ALL","1990","1009.78"
"AZE","","ALL","1991","1002.01"
"AZE","","ALL","1992","1054.17"
"AZE","","ALL","1993","1048.63"
"AZE","","ALL","1994","1007.06"
"AZE","","ALL","1995","1001.8"
"AZE","","ALL","1996","980.98"
"AZE","","ALL","1997","960.87"
"AZE","","ALL","1998","906.37"
"AZE","","ALL","1999","889.6"
"AZE","","ALL","2000","868.51"
"AZE","","ALL","2001","850.95"
"AZE","","ALL","2002","840.45"
"AZE","","ALL","2003","827.25"
"AZE","","ALL","2004","823.96"
"AZE","","ALL","2005","821.06"
"AZE","","ALL","2006","793.96"
"AZE","","ALL","2007","793.31"
"AZE","","ALL","2008","767.45"
"AZE","","ALL","2009","753.65"
"AZE","","ALL","2010","505.72"
"AZE","","ALL","2011","461.9"
"AZE","","ALL","2012","464.7"
"AZE","","ALL","2013","468.83"
"AZE","","ALL","2014","482.17"
"BEL","","ALL","1985","931.09"
"BEL","","ALL","1986","908.19"
"BEL","","ALL","1987","897.14"
"BEL","","ALL","1988","839.15"
"BEL","","ALL","1989","831.5"
"BEL","","ALL","1990","769.54"
"BEL","","ALL","1991","771.72"
"BEL","","ALL","1992","774.79"
"BEL","","ALL","1993","770.14"
"BEL","","ALL","1994","759.66"
"BEL","","ALL","1995","741.35"
"BEL","","ALL","1996","797.21"
"BEL","","ALL","1997","794.82"
"BEL","","ALL","1998","786.7"
"BEL","","ALL","1999","781.37"
"BEL","","ALL","2000","776.87"
"BEL","","ALL","2001","765.69"
"BEL","","ALL","2002","757.51"
"BEL","","ALL","2003","750.81"
"BEL","","ALL","2004","747.34"
"BEL","","ALL","2005","742.45"
"BEL","","ALL","2006","670.4"
"BEL","","ALL","2007","663.12"
"BEL","","ALL","2008","657.42"
"BEL","","ALL","2009","650.81"
"BEL","","ALL","2010","647.33"
"BEL","","ALL","2011","637.58"
"BEL","","ALL","2012","629.59"
"BEL","","ALL","2013","625.67"
"BEL","","ALL","2014","622.86"
"BEL","","ALL","2015","618.95"
"BGR","","ALL","2000","741.13"
"BGR","","ALL","2001","720.1"
"BGR","","ALL","2002","648.5"
"BGR","","ALL","2003","628.5"
"BGR","","ALL","2004","613.13"
"BGR","","ALL","2005","641.17"
"BGR","","ALL","2006","619.81"
"BGR","","ALL","2007","636.43"
"BGR","","ALL","2008","649.41"
"BGR","","ALL","2009","659.72"
"BGR","","ALL","2010","649.48"
"BGR","","ALL","2011","639.03"
"BGR","","ALL","2012","661.22"
"BGR","","ALL","2013","681.64"
"BGR","","ALL","2014","715.22"
"BIH","","ALL","1980","483.11"
"BIH","","ALL","1981","492.28"
"BIH","","ALL","1982","491.79"
"BIH","","ALL","1983","490.47"
"BIH","","ALL","1984","481.37"
"BIH","","ALL","1985","471.81"
"BIH","","ALL","1986","474.2"
"BIH","","ALL","1987","459.35"
"BIH","","ALL","1988","457.82"
"BIH","","ALL","1989","449.83"
"BIH","","ALL","1990","445.91"
"BIH","","ALL","1991","437.8"
"BIH","","ALL","2000","337.96"
"BIH","","ALL","2001","324.26"
"BIH","","ALL","2002","320.63"
"BIH","","ALL","2003","316.73"
"BIH","","ALL","2004","305.04"
"BIH","","ALL","2005","311.77"
"BIH","","ALL","2006","332.07"
"BIH","","ALL","2007","339.14"
"BIH","","ALL","2008","335.19"
"BIH","","ALL","2009","332.5"
"BIH","","ALL","2010","340.09"
"BIH","","ALL","2011","346.14"
"BIH","","ALL","2012","350.36"
"BIH","","ALL","2013","349.94"
"BIH","","ALL","2014","349.33"
"BLR","","ALL","1980","1254.61"
"BLR","","ALL","1985","1307.13"
"BLR","","ALL","1986","1326.05"
"BLR","","ALL","1987","1345.63"
"BLR","","ALL","1988","1337.29"
"BLR","","ALL","1989","1357.95"
"BLR","","ALL","1990","1322.64"
"BLR","","ALL","1991","1320.47"
"BLR","","ALL","1992","1269.07"
"BLR","","ALL","1993","1247.62"
"BLR","","ALL","1994","1246.39"
"BLR","","ALL","1995","1248.48"
"BLR","","ALL","1996","1227.46"
"BLR","","ALL","1997","1235.77"
"BLR","","ALL","1998","1241.65"
"BLR","","ALL","1999","1264.21"
"BLR","","ALL","2000","1261.46"
"BLR","","ALL","2001","1257.72"
"BLR","","ALL","2002","1194.17"
"BLR","","ALL","2003","1134.38"
"BLR","","ALL","2004","1071.31"
"BLR","","ALL","2005","1112.93"
"BLR","","ALL","2006","1117.83"
"BLR","","ALL","2007","1122.87"
"BLR","","ALL","2008","1112.2"
"BLR","","ALL","2009","1106.72"
"BLR","","ALL","2010","1145"
"BLR","","ALL","2011","1125.12"
"BLR","","ALL","2012","1126.74"
"BLR","","ALL","2013","1104.56"
"BLR","","ALL","2014","1083.29"
"","CARINFONET","ALL","1980","1188.17"
"","CARINFONET","ALL","1981","1202.75"
"","CARINFONET","ALL","1982","1214.34"
"","CARINFONET","ALL","1985","1225.55"
"","CARINFONET","ALL","1986","1232.01"
"","CARINFONET","ALL","1987","1231.07"
"","CARINFONET","ALL","1988","1240.3"
"","CARINFONET","ALL","1989","1245.55"
"","CARINFONET","ALL","1990","1252.06"
"","CARINFONET","ALL","1991","1257.31"
"","CARINFONET","ALL","1992","1182.87"
"","CARINFONET","ALL","1993","1103.19"
"","CARINFONET","ALL","1994","1008.37"
"","CARINFONET","ALL","1995","897.86"
"","CARINFONET","ALL","1996","794.85"
"","CARINFONET","ALL","1997","724.13"
"","CARINFONET","ALL","1998","663.37"
"","CARINFONET","ALL","1999","627.83"
"","CARINFONET","ALL","2000","612.46"
"","CARINFONET","ALL","2001","594.62"
"","CARINFONET","ALL","2002","596.56"
"","CARINFONET","ALL","2003","608.5"
"","CARINFONET","ALL","2004","596.37"
"","CARINFONET","ALL","2005","586.97"
"","CARINFONET","ALL","2006","585.84"
"","CARINFONET","ALL","2007","561.12"
"","CARINFONET","ALL","2008","551.16"
"","CARINFONET","ALL","2009","541.14"
"","CARINFONET","ALL","2010","525.51"
"","CARINFONET","ALL","2011","512.73"
"","CARINFONET","ALL","2012","501.31"
"","CARINFONET","ALL","2013","482.64"
"","CARINFONET","ALL","2014","465.16"
"CHE","","ALL","1998","662.71"
"CHE","","ALL","1999","660.82"
"CHE","","ALL","2000","628.74"
"CHE","","ALL","2001","603.92"
"CHE","","ALL","2002","594.5"
"CHE","","ALL","2003","582.4"
"CHE","","ALL","2004","566.97"
"CHE","","ALL","2005","553.92"
"CHE","","ALL","2006","539.11"
"CHE","","ALL","2007","536.01"
"CHE","","ALL","2008","521.1"
"CHE","","ALL","2009","510.43"
"CHE","","ALL","2010","496.52"
"CHE","","ALL","2011","487"
"CHE","","ALL","2012","480.21"
"CHE","","ALL","2013","467.73"
"CHE","","ALL","2014","457.17"
"","CIS","ALL","1980","1246.77"
"","CIS","ALL","1981","1252.09"
"","CIS","ALL","1982","1256.45"
"","CIS","ALL","1985","1266.13"
"","CIS","ALL","1986","1273.69"
"","CIS","ALL","1987","1279.59"
"","CIS","ALL","1988","1286.02"
"","CIS","ALL","1989","1290.08"
"","CIS","ALL","1990","1283.33"
"","CIS","ALL","1991","1262.92"
"","CIS","ALL","1992","1218.02"
"","CIS","ALL","1993","1195.28"
"","CIS","ALL","1994","1159.52"
"","CIS","ALL","1995","1125.42"
"","CIS","ALL","1996","1071.2"
"","CIS","ALL","1997","1015.15"
"","CIS","ALL","1998","982.64"
"","CIS","ALL","1999","952.26"
"","CIS","ALL","2000","945.46"
"","CIS","ALL","2001","934.2"
"","CIS","ALL","2002","925.55"
"","CIS","ALL","2003","912.84"
"","CIS","ALL","2004","872.65"
"","CIS","ALL","2005","863.19"
"","CIS","ALL","2006","857.86"
"","CIS","ALL","2007","842.39"
"","CIS","ALL","2008","824.39"
"","CIS","ALL","2009","819.48"
"","CIS","ALL","2010","794.06"
"","CIS","ALL","2011","772.82"
"","CIS","ALL","2012","758.83"
"","CIS","ALL","2013","738.76"
"","CIS","ALL","2014","712.79"
"CYP","","ALL","1985","608.76"
"CYP","","ALL","1986","618.63"
"CYP","","ALL","1987","607.05"
"CYP","","ALL","1988","607.19"
"CYP","","ALL","1989","601.41"
"CYP","","ALL","1990","587.68"
"CYP","","ALL","1991","570.01"
"CYP","","ALL","1992","545.53"
"CYP","","ALL","1993","522.53"
"CYP","","ALL","1995","506.84"
"CYP","","ALL","2000","452.44"
"CYP","","ALL","2005","382.59"
"CYP","","ALL","2006","378.14"
"CYP","","ALL","2007","377.87"
"CYP","","ALL","2008","376.29"
"CYP","","ALL","2009","373.99"
"CYP","","ALL","2010","354.48"
"CYP","","ALL","2011","351.96"
"CYP","","ALL","2012","346.09"
"CYP","","ALL","2013","340.86"
"CYP","","ALL","2014","341.32"
"CZE","","ALL","1980","1006.07"
"CZE","","ALL","1985","1010.53"
"CZE","","ALL","1990","992.11"
"CZE","","ALL","1995","849.73"
"CZE","","ALL","1996","826.4"
"CZE","","ALL","1997","803.94"
"CZE","","ALL","1998","793.33"
"CZE","","ALL","1999","773.63"
"CZE","","ALL","2000","778.63"
"CZE","","ALL","2001","776.14"
"CZE","","ALL","2002","776.19"
"CZE","","ALL","2003","772.67"
"CZE","","ALL","2004","764.23"
"CZE","","ALL","2005","755.41"
"CZE","","ALL","2006","742.65"
"CZE","","ALL","2007","731.42"
"CZE","","ALL","2008","718.37"
"CZE","","ALL","2009","711.12"
"CZE","","ALL","2010","701.19"
"CZE","","ALL","2011","683.55"
"CZE","","ALL","2012","666.21"
"CZE","","ALL","2013","645.89"
"CZE","","ALL","2014","644.4"
"DEU","","ALL","1991","1012.37"
"DEU","","ALL","1992","988.78"
"DEU","","ALL","1993","966.12"
"DEU","","ALL","1994","971.3"
"DEU","","ALL","1995","968.34"
"DEU","","ALL","1996","956.86"
"DEU","","ALL","1997","937.57"
"DEU","","ALL","1998","929.67"
"DEU","","ALL","1999","919.6"
"DEU","","ALL","2000","911.91"
"DEU","","ALL","2001","901.06"
"DEU","","ALL","2002","887.36"
"DEU","","ALL","2003","874.56"
"DEU","","ALL","2004","857.93"
"DEU","","ALL","2005","846.79"
"DEU","","ALL","2006","829.82"
"DEU","","ALL","2007","823.95"
"DEU","","ALL","2008","821.26"
"DEU","","ALL","2009","824.22"
"DEU","","ALL","2010","824.97"
"DEU","","ALL","2011","822.43"
"DEU","","ALL","2012","818.44"
"DEU","","ALL","2013","827.77"
"DEU","","ALL","2014","826.25"
"DNK","","ALL","1997","464.36"
"DNK","","ALL","1998","454.26"
"DNK","","ALL","1999","439.02"
"DNK","","ALL","2000","429.56"
"DNK","","ALL","2001","422.1"
"DNK","","ALL","2002","428.71"
"DNK","","ALL","2003","413.59"
"DNK","","ALL","2004","397.36"
"DNK","","ALL","2005","385.93"
"DNK","","ALL","2006","379.29"
"DNK","","ALL","2007","369.39"
"DNK","","ALL","2008","357.35"
"DNK","","ALL","2009","349.6"
"DNK","","ALL","2010","350.03"
"DNK","","ALL","2011","313.16"
"DNK","","ALL","2013","307.39"
"DNK","","ALL","2014","268.71"
"DNK","","ALL","2015","253.24"
"ESP","","ALL","1970","466.6"
"ESP","","ALL","1980","535.5"
"ESP","","ALL","1985","455.55"
"ESP","","ALL","1986","445.19"
"ESP","","ALL","1987","442.07"
"ESP","","ALL","1988","438.24"
"ESP","","ALL","1989","433.33"
"ESP","","ALL","1990","425.82"
"ESP","","ALL","1991","421.4"
"ESP","","ALL","1992","414.14"
"ESP","","ALL","1993","406.65"
"ESP","","ALL","1994","402.13"
"ESP","","ALL","1995","394.4"
"ESP","","ALL","1996","390.71"
"ESP","","ALL","1997","384.87"
"ESP","","ALL","1998","381.01"
"ESP","","ALL","1999","377.64"
"ESP","","ALL","2000","368.6"
"ESP","","ALL","2001","360.39"
"ESP","","ALL","2002","353.64"
"ESP","","ALL","2003","345"
"ESP","","ALL","2004","341.7"
"ESP","","ALL","2005","336.1"
"ESP","","ALL","2006","331.85"
"ESP","","ALL","2007","327.23"
"ESP","","ALL","2008","322.27"
"ESP","","ALL","2009","318.55"
"ESP","","ALL","2010","315.17"
"ESP","","ALL","2011","309.25"
"ESP","","ALL","2012","299.35"
"ESP","","ALL","2013","296.51"
"ESP","","ALL","2014","298.18"
"EST","","ALL","1970","1083.03"
"EST","","ALL","1971","1094.81"
"EST","","ALL","1972","1090.11"
"EST","","ALL","1973","1094.99"
"EST","","ALL","1974","1089.43"
"EST","","ALL","1975","1091.4"
"EST","","ALL","1976","1105.19"
"EST","","ALL","1977","1106.74"
"EST","","ALL","1978","1131.02"
"EST","","ALL","1979","1170.72"
"EST","","ALL","1980","1218.51"
"EST","","ALL","1981","1236.84"
"EST","","ALL","1982","1235.97"
"EST","","ALL","1983","1230.49"
"EST","","ALL","1984","1222.49"
"EST","","ALL","1985","1219.6"
"EST","","ALL","1986","1219.98"
"EST","","ALL","1987","1209.17"
"EST","","ALL","1988","1200.72"
"EST","","ALL","1989","1193.08"
"EST","","ALL","1990","1155.32"
"EST","","ALL","1991","1128.92"
"EST","","ALL","1992","968.17"
"EST","","ALL","1993","962.23"
"EST","","ALL","1994","856.13"
"EST","","ALL","1995","834.87"
"EST","","ALL","1996","790.06"
"EST","","ALL","1997","771.26"
"EST","","ALL","1998","758.14"
"EST","","ALL","1999","752.95"
"EST","","ALL","2000","703.52"
"EST","","ALL","2001","659.89"
"EST","","ALL","2002","597.96"
"EST","","ALL","2003","573.2"
"EST","","ALL","2004","564.38"
"EST","","ALL","2005","538.24"
"EST","","ALL","2006","555.09"
"EST","","ALL","2007","548.15"
"EST","","ALL","2008","563.16"
"EST","","ALL","2009","536.97"
"EST","","ALL","2010","527.39"
"EST","","ALL","2011","535.92"
"EST","","ALL","2012","552.58"
"EST","","ALL","2013","500.53"
"EST","","ALL","2014","500.23"
"","EU_AFTER_MAY2004","ALL","1985","814.59"
"","EU_AFTER_MAY2004","ALL","1990","809.6"
"","EU_AFTER_MAY2004","ALL","1995","752.62"
"","EU_AFTER_MAY2004","ALL","1996","745.33"
"","EU_AFTER_MAY2004","ALL","1997","733.45"
"","EU_AFTER_MAY2004","ALL","1998","727.99"
"","EU_AFTER_MAY2004","ALL","1999","729.1"
"","EU_AFTER_MAY2004","ALL","2000","729.79"
"","EU_AFTER_MAY2004","ALL","2001","721.97"
"","EU_AFTER_MAY2004","ALL","2002","710.38"
"","EU_AFTER_MAY2004","ALL","2003","686.73"
"","EU_AFTER_MAY2004","ALL","2004","680.64"
"","EU_AFTER_MAY2004","ALL","2005","675.29"
"","EU_AFTER_MAY2004","ALL","2006","670.01"
"","EU_AFTER_MAY2004","ALL","2007","657.15"
"","EU_AFTER_MAY2004","ALL","2008","662.45"
"","EU_AFTER_MAY2004","ALL","2009","660.66"
"","EU_AFTER_MAY2004","ALL","2010","648.98"
"","EU_AFTER_MAY2004","ALL","2011","643.86"
"","EU_AFTER_MAY2004","ALL","2012","643.67"
"","EU_AFTER_MAY2004","ALL","2013","635.49"
"","EU_AFTER_MAY2004","ALL","2014","634.51"
"","EU_BEFORE_MAY2004","ALL","1985","753.15"
"","EU_BEFORE_MAY2004","ALL","1986","743.64"
"","EU_BEFORE_MAY2004","ALL","1987","739.5"
"","EU_BEFORE_MAY2004","ALL","1988","731.1"
"","EU_BEFORE_MAY2004","ALL","1989","722.52"
"","EU_BEFORE_MAY2004","ALL","1990","721.3"
"","EU_BEFORE_MAY2004","ALL","1991","712.9"
"","EU_BEFORE_MAY2004","ALL","1992","696.12"
"","EU_BEFORE_MAY2004","ALL","1993","685.53"
"","EU_BEFORE_MAY2004","ALL","1994","680.35"
"","EU_BEFORE_MAY2004","ALL","1995","672.1"
"","EU_BEFORE_MAY2004","ALL","1996","673.47"
"","EU_BEFORE_MAY2004","ALL","1997","656.41"
"","EU_BEFORE_MAY2004","ALL","1998","644.55"
"","EU_BEFORE_MAY2004","ALL","1999","628.94"
"","EU_BEFORE_MAY2004","ALL","2000","617.14"
"","EU_BEFORE_MAY2004","ALL","2001","606.86"
"","EU_BEFORE_MAY2004","ALL","2002","595.74"
"","EU_BEFORE_MAY2004","ALL","2003","582.66"
"","EU_BEFORE_MAY2004","ALL","2004","570.78"
"","EU_BEFORE_MAY2004","ALL","2005","562.72"
"","EU_BEFORE_MAY2004","ALL","2006","550.24"
"","EU_BEFORE_MAY2004","ALL","2007","542.17"
"","EU_BEFORE_MAY2004","ALL","2008","533.6"
"","EU_BEFORE_MAY2004","ALL","2009","523.47"
"","EU_BEFORE_MAY2004","ALL","2010","510.72"
"","EU_BEFORE_MAY2004","ALL","2011","505.45"
"","EU_BEFORE_MAY2004","ALL","2012","498.98"
"","EU_BEFORE_MAY2004","ALL","2013","494.43"
"","EU_BEFORE_MAY2004","ALL","2014","491.64"
"","EU_MEMBERS","ALL","1985","767.58"
"","EU_MEMBERS","ALL","1986","760.56"
"","EU_MEMBERS","ALL","1987","757.36"
"","EU_MEMBERS","ALL","1988","750.71"
"","EU_MEMBERS","ALL","1989","743.53"
"","EU_MEMBERS","ALL","1990","742.02"
"","EU_MEMBERS","ALL","1991","734.7"
"","EU_MEMBERS","ALL","1992","714.59"
"","EU_MEMBERS","ALL","1993","705.19"
"","EU_MEMBERS","ALL","1994","698.68"
"","EU_MEMBERS","ALL","1995","690.64"
"","EU_MEMBERS","ALL","1996","689.93"
"","EU_MEMBERS","ALL","1997","674.01"
"","EU_MEMBERS","ALL","1998","663.55"
"","EU_MEMBERS","ALL","1999","651.7"
"","EU_MEMBERS","ALL","2000","642.54"
"","EU_MEMBERS","ALL","2001","632.66"
"","EU_MEMBERS","ALL","2002","621.18"
"","EU_MEMBERS","ALL","2003","605.62"
"","EU_MEMBERS","ALL","2004","594.86"
"","EU_MEMBERS","ALL","2005","587.28"
"","EU_MEMBERS","ALL","2006","576.19"
"","EU_MEMBERS","ALL","2007","566.96"
"","EU_MEMBERS","ALL","2008","561.25"
"","EU_MEMBERS","ALL","2009","552.82"
"","EU_MEMBERS","ALL","2010","540.15"
"","EU_MEMBERS","ALL","2011","534.81"
"","EU_MEMBERS","ALL","2012","529.46"
"","EU_MEMBERS","ALL","2013","524.33"
"","EU_MEMBERS","ALL","2014","521.43"
"FIN","","ALL","1993","825.18"
"FIN","","ALL","1994","819.43"
"FIN","","ALL","1995","812.15"
"FIN","","ALL","1996","811.61"
"FIN","","ALL","1997","789.64"
"FIN","","ALL","1998","777.24"
"FIN","","ALL","1999","760.53"
"FIN","","ALL","2000","753.97"
"FIN","","ALL","2001","746.24"
"FIN","","ALL","2002","735.14"
"FIN","","ALL","2003","724.33"
"FIN","","ALL","2004","709.94"
"FIN","","ALL","2005","705.29"
"FIN","","ALL","2006","698.66"
"FIN","","ALL","2007","673.3"
"FIN","","ALL","2008","656.84"
"FIN","","ALL","2009","625.22"
"FIN","","ALL","2010","585.38"
"FIN","","ALL","2011","552.15"
"FIN","","ALL","2012","529.83"
"FIN","","ALL","2013","487.22"
"FIN","","ALL","2014","451.5"
"FRA","","ALL","1997","866.74"
"FRA","","ALL","1998","851.02"
"FRA","","ALL","1999","844.31"
"FRA","","ALL","2000","822.27"
"FRA","","ALL","2001","809.27"
"FRA","","ALL","2002","796.66"
"FRA","","ALL","2003","778.69"
"FRA","","ALL","2004","762.07"
"FRA","","ALL","2005","746.24"
"FRA","","ALL","2006","732.35"
"FRA","","ALL","2007","727.23"
"FRA","","ALL","2008","711.03"
"FRA","","ALL","2009","686.21"
"FRA","","ALL","2010","662.16"
"FRA","","ALL","2011","655.13"
"FRA","","ALL","2012","653.1"
"FRA","","ALL","2013","647.72"
"FRA","","ALL","2014","640.85"
"GBR","","ALL","2000","409.83"
"GBR","","ALL","2001","404.13"
"GBR","","ALL","2002","398.16"
"GBR","","ALL","2003","395.43"
"GBR","","ALL","2004","386.66"
"GBR","","ALL","2005","373.32"
"GBR","","ALL","2006","355.7"
"GBR","","ALL","2007","340.77"
"GBR","","ALL","2008","335.55"
"GBR","","ALL","2009","329.05"
"GBR","","ALL","2010","295.28"
"GBR","","ALL","2011","289.88"
"GBR","","ALL","2012","280.78"
"GBR","","ALL","2013","275.78"
"GBR","","ALL","2014","274.09"
"GEO","","ALL","1996","524.95"
"GEO","","ALL","1997","540.22"
"GEO","","ALL","1998","525.43"
"GEO","","ALL","1999","505.13"
"GEO","","ALL","2000","480.75"
"GEO","","ALL","2001","445.23"
"GEO","","ALL","2002","419.78"
"GEO","","ALL","2003","419.3"
"GEO","","ALL","2004","412.33"
"GEO","","ALL","2005","391.96"
"GEO","","ALL","2006","374.15"
"GEO","","ALL","2007","331.9"
"GEO","","ALL","2008","320.94"
"GEO","","ALL","2009","309.08"
"GEO","","ALL","2010","299.34"
"GEO","","ALL","2011","281.01"
"GEO","","ALL","2012","252.7"
"GEO","","ALL","2013","258.51"
"GEO","","ALL","2014","289.36"
"GRC","","ALL","1970","621.34"
"GRC","","ALL","1971","641.28"
"GRC","","ALL","1972","629.55"
"GRC","","ALL","1973","628.48"
"GRC","","ALL","1974","634.74"
"GRC","","ALL","1975","646.67"
"GRC","","ALL","1976","638.95"
"GRC","","ALL","1977","637.83"
"GRC","","ALL","1978","630.28"
"GRC","","ALL","1979","635.74"
"GRC","","ALL","1980","622.94"
"GRC","","ALL","1981","615.8"
"GRC","","ALL","1982","602.05"
"GRC","","ALL","1983","583.91"
"GRC","","ALL","1984","576.82"
"GRC","","ALL","1985","547.98"
"GRC","","ALL","1986","530.57"
"GRC","","ALL","1987","517.41"
"GRC","","ALL","1988","513.97"
"GRC","","ALL","1989","509.92"
"GRC","","ALL","1990","505.18"
"GRC","","ALL","1991","500.15"
"GRC","","ALL","1992","495.88"
"GRC","","ALL","1993","498.25"
"GRC","","ALL","1994","490.74"
"GRC","","ALL","1995","491.11"
"GRC","","ALL","1996","491.04"
"GRC","","ALL","1997","486.93"
"GRC","","ALL","1998","484.5"
"GRC","","ALL","1999","472.35"
"GRC","","ALL","2000","471.72"
"GRC","","ALL","2001","477.41"
"GRC","","ALL","2002","471.27"
"GRC","","ALL","2003","469.56"
"GRC","","ALL","2004","468.92"
"GRC","","ALL","2005","472.9"
"GRC","","ALL","2006","481.69"
"GRC","","ALL","2007","481.45"
"GRC","","ALL","2008","477.46"
"GRC","","ALL","2009","484.85"
"GRC","","ALL","2010","440.66"
"GRC","","ALL","2011","439.75"
"GRC","","ALL","2012","442.63"
"GRC","","ALL","2013","420.71"
"GRC","","ALL","2014","419.61"
"HRV","","ALL","2000","615.22"
"HRV","","ALL","2001","599.85"
"HRV","","ALL","2002","566.87"
"HRV","","ALL","2003","561.19"
"HRV","","ALL","2004","552.98"
"HRV","","ALL","2005","545.26"
"HRV","","ALL","2006","545.88"
"HRV","","ALL","2007","548.97"
"HRV","","ALL","2008","547.57"
"HRV","","ALL","2009","537.49"
"HRV","","ALL","2010","562.07"
"HRV","","ALL","2011","568.5"
"HRV","","ALL","2012","588.84"
"HRV","","ALL","2013","585.87"
"HRV","","ALL","2014","588.27"
"HUN","","ALL","2000","815.51"
"HUN","","ALL","2001","791.8"
"HUN","","ALL","2002","791.05"
"HUN","","ALL","2003","789.53"
"HUN","","ALL","2004","788.77"
"HUN","","ALL","2005","791.45"
"HUN","","ALL","2006","797.72"
"HUN","","ALL","2007","718.59"
"HUN","","ALL","2008","710.51"
"HUN","","ALL","2009","714.38"
"HUN","","ALL","2010","718.18"
"HUN","","ALL","2011","718.72"
"HUN","","ALL","2012","700.07"
"HUN","","ALL","2013","703.73"
"HUN","","ALL","2014","696.8"
"IRL","","ALL","1980","906.62"
"IRL","","ALL","1981","901.26"
"IRL","","ALL","1982","883.09"
"IRL","","ALL","1983","859.83"
"IRL","","ALL","1984","838.93"
"IRL","","ALL","1985","820.06"
"IRL","","ALL","1986","791.99"
"IRL","","ALL","1987","912.64"
"IRL","","ALL","1988","837.93"
"IRL","","ALL","1989","822.29"
"IRL","","ALL","1990","805.06"
"IRL","","ALL","1991","796.72"
"IRL","","ALL","1992","762.58"
"IRL","","ALL","1993","724.25"
"IRL","","ALL","1994","707.02"
"IRL","","ALL","1995","698.86"
"IRL","","ALL","1996","679.02"
"IRL","","ALL","1997","657.48"
"IRL","","ALL","1998","640.95"
"IRL","","ALL","1999","626.65"
"IRL","","ALL","2000","615.75"
"IRL","","ALL","2001","588.95"
"IRL","","ALL","2002","580.31"
"IRL","","ALL","2003","569.71"
"IRL","","ALL","2004","567.81"
"IRL","","ALL","2005","549.81"
"IRL","","ALL","2006","530.02"
"IRL","","ALL","2007","516.73"
"IRL","","ALL","2008","492.73"
"IRL","","ALL","2009","287.33"
"IRL","","ALL","2010","278.83"
"IRL","","ALL","2011","262.48"
"IRL","","ALL","2012","254.98"
"IRL","","ALL","2013","257.71"
"IRL","","ALL","2014","256.44"
"ISL","","ALL","2007","413.94"
"ISL","","ALL","2008","390.47"
"ISL","","ALL","2009","370.87"
"ISL","","ALL","2010","360.37"
"ISL","","ALL","2011","329.14"
"ISL","","ALL","2012","324.59"
"ISL","","ALL","2013","320.6"
"ISL","","ALL","2014","318.04"
"ISL","","ALL","2015","314.07"
"ISR","","ALL","1988","495.43"
"ISR","","ALL","1989","488.98"
"ISR","","ALL","1990","479.56"
"ISR","","ALL","1991","456.69"
"ISR","","ALL","1992","446.16"
"ISR","","ALL","1993","440.95"
"ISR","","ALL","1994","431.52"
"ISR","","ALL","1995","417.12"
"ISR","","ALL","1996","411.06"
"ISR","","ALL","1997","398.77"
"ISR","","ALL","1998","396.65"
"ISR","","ALL","1999","388.85"
"ISR","","ALL","2000","379.21"
"ISR","","ALL","2001","380.54"
"ISR","","ALL","2002","375.82"
"ISR","","ALL","2003","386.1"
"ISR","","ALL","2004","379.81"
"ISR","","ALL","2005","372.24"
"ISR","","ALL","2006","339.4"
"ISR","","ALL","2007","335.06"
"ISR","","ALL","2008","329.55"
"ISR","","ALL","2009","319.27"
"ISR","","ALL","2010","315.85"
"ISR","","ALL","2011","314.17"
"ISR","","ALL","2012","310.09"
"ISR","","ALL","2013","309.19"
"ISR","","ALL","2014","318.26"
"ISR","","ALL","2015","314.42"
"ITA","","ALL","1970","1059.45"
"ITA","","ALL","1971","1059.73"
"ITA","","ALL","1972","1057.06"
"ITA","","ALL","1973","1055.46"
"ITA","","ALL","1974","1053.27"
"ITA","","ALL","1975","1053.39"
"ITA","","ALL","1976","1036.18"
"ITA","","ALL","1977","1016.49"
"ITA","","ALL","1978","991.51"
"ITA","","ALL","1979","974.45"
"ITA","","ALL","1980","950.17"
"ITA","","ALL","1981","925.28"
"ITA","","ALL","1982","909.98"
"ITA","","ALL","1983","881.18"
"ITA","","ALL","1984","844.51"
"ITA","","ALL","1985","823.53"
"ITA","","ALL","1986","786.66"
"ITA","","ALL","1987","767.61"
"ITA","","ALL","1988","738.73"
"ITA","","ALL","1989","694.64"
"ITA","","ALL","1990","711.09"
"ITA","","ALL","1991","673.68"
"ITA","","ALL","1992","685.99"
"ITA","","ALL","1993","669.5"
"ITA","","ALL","1994","656.92"
"ITA","","ALL","1995","626.7"
"ITA","","ALL","1996","655.04"
"ITA","","ALL","1997","588.32"
"ITA","","ALL","1998","555.05"
"ITA","","ALL","1999","492.78"
"ITA","","ALL","2000","470.91"
"ITA","","ALL","2001","461.48"
"ITA","","ALL","2002","444.12"
"ITA","","ALL","2003","415.88"
"ITA","","ALL","2004","398.65"
"ITA","","ALL","2005","404.31"
"ITA","","ALL","2006","393.9"
"ITA","","ALL","2007","384.48"
"ITA","","ALL","2008","372.73"
"ITA","","ALL","2009","362.61"
"ITA","","ALL","2010","357.09"
"ITA","","ALL","2011","351.73"
"ITA","","ALL","2012","342.16"
"ITA","","ALL","2013","331.17"
"KAZ","","ALL","1980","1309.34"
"KAZ","","ALL","1981","1322.91"
"KAZ","","ALL","1982","1331.15"
"KAZ","","ALL","1983","1336.94"
"KAZ","","ALL","1984","1351.24"
"KAZ","","ALL","1985","1358.57"
"KAZ","","ALL","1986","1356.07"
"KAZ","","ALL","1987","1355.61"
"KAZ","","ALL","1988","1354.42"
"KAZ","","ALL","1989","1363"
"KAZ","","ALL","1990","1366.61"
"KAZ","","ALL","1991","1360.99"
"KAZ","","ALL","1992","1346.19"
"KAZ","","ALL","1993","1316.65"
"KAZ","","ALL","1994","1214.47"
"KAZ","","ALL","1995","1164.64"
"KAZ","","ALL","1996","1033.42"
"KAZ","","ALL","1997","844.98"
"KAZ","","ALL","1998","819.3"
"KAZ","","ALL","1999","724.99"
"KAZ","","ALL","2000","719.24"
"KAZ","","ALL","2001","696.85"
"KAZ","","ALL","2002","701.77"
"KAZ","","ALL","2003","769.88"
"KAZ","","ALL","2004","776.91"
"KAZ","","ALL","2005","776.15"
"KAZ","","ALL","2006","777.58"
"KAZ","","ALL","2007","772.09"
"KAZ","","ALL","2008","770.96"
"KAZ","","ALL","2009","761.36"
"KAZ","","ALL","2010","729.18"
"KAZ","","ALL","2011","710.96"
"KAZ","","ALL","2012","700.68"
"KAZ","","ALL","2013","671.77"
"KAZ","","ALL","2014","605.69"
"KGZ","","ALL","1980","1201.14"
"KGZ","","ALL","1981","1211.85"
"KGZ","","ALL","1982","1210.33"
"KGZ","","ALL","1983","1193.65"
"KGZ","","ALL","1984","1197.71"
"KGZ","","ALL","1985","1203.04"
"KGZ","","ALL","1986","1203.09"
"KGZ","","ALL","1987","1206.42"
"KGZ","","ALL","1988","1194.74"
"KGZ","","ALL","1989","1197.2"
"KGZ","","ALL","1990","1197.73"
"KGZ","","ALL","1991","1205.8"
"KGZ","","ALL","1992","1193.2"
"KGZ","","ALL","1993","1074.56"
"KGZ","","ALL","1994","960.53"
"KGZ","","ALL","1995","863.6"
"KGZ","","ALL","1996","840.75"
"KGZ","","ALL","1997","832.47"
"KGZ","","ALL","1998","802.24"
"KGZ","","ALL","1999","746.52"
"KGZ","","ALL","2000","704.08"
"KGZ","","ALL","2001","615.24"
"KGZ","","ALL","2002","552.76"
"KGZ","","ALL","2003","530.73"
"KGZ","","ALL","2004","514.11"
"KGZ","","ALL","2005","511.58"
"KGZ","","ALL","2006","508.52"
"KGZ","","ALL","2007","505.95"
"KGZ","","ALL","2008","501.21"
"KGZ","","ALL","2009","482.51"
"KGZ","","ALL","2010","475.63"
"KGZ","","ALL","2011","469.76"
"KGZ","","ALL","2012","463.86"
"KGZ","","ALL","2013","451.24"
"KGZ","","ALL","2014","441.32"
"LTU","","ALL","1970","1030.99"
"LTU","","ALL","1971","1043.41"
"LTU","","ALL","1972","1057.07"
"LTU","","ALL","1973","1068.58"
"LTU","","ALL","1974","1082.81"
"LTU","","ALL","1975","1116.7"
"LTU","","ALL","1976","1131.97"
"LTU","","ALL","1977","1140.98"
"LTU","","ALL","1978","1156.42"
"LTU","","ALL","1979","1176.68"
"LTU","","ALL","1980","1206.64"
"LTU","","ALL","1981","1220.09"
"LTU","","ALL","1982","1229.04"
"LTU","","ALL","1983","1231.14"
"LTU","","ALL","1984","1254.05"
"LTU","","ALL","1985","1277.6"
"LTU","","ALL","1986","1276.5"
"LTU","","ALL","1987","1279.6"
"LTU","","ALL","1988","1280.95"
"LTU","","ALL","1989","1265.93"
"LTU","","ALL","1990","1248.7"
"LTU","","ALL","1991","1246.53"
"LTU","","ALL","1992","1204.53"
"LTU","","ALL","1993","1183.51"
"LTU","","ALL","1994","1117.35"
"LTU","","ALL","1995","1094.02"
"LTU","","ALL","1996","1059.83"
"LTU","","ALL","1997","959.91"
"LTU","","ALL","1998","906.79"
"LTU","","ALL","1999","895.29"
"LTU","","ALL","2000","883.32"
"LTU","","ALL","2001","833.32"
"LTU","","ALL","2002","810.09"
"LTU","","ALL","2003","785.4"
"LTU","","ALL","2004","756.6"
"LTU","","ALL","2005","728.36"
"LTU","","ALL","2006","714.97"
"LTU","","ALL","2007","719"
"LTU","","ALL","2008","717.83"
"LTU","","ALL","2009","718.29"
"LTU","","ALL","2010","716.43"
"LTU","","ALL","2011","743.4"
"LTU","","ALL","2012","743.23"
"LTU","","ALL","2013","728.2"
"LTU","","ALL","2014","726"
"LUX","","ALL","2004","639.37"
"LUX","","ALL","2005","578.5"
"LUX","","ALL","2006","565.11"
"LUX","","ALL","2007","566.87"
"LUX","","ALL","2008","556.83"
"LUX","","ALL","2009","546.61"
"LUX","","ALL","2010","536.72"
"LUX","","ALL","2011","527.83"
"LUX","","ALL","2012","515.29"
"LUX","","ALL","2013","505.37"
"LUX","","ALL","2014","493.38"
"LUX","","ALL","2015","484.21"
"LVA","","ALL","1980","1389.1"
"LVA","","ALL","1985","1363.77"
"LVA","","ALL","1986","1419.29"
"LVA","","ALL","1987","1423.9"
"LVA","","ALL","1988","1409.49"
"LVA","","ALL","1989","1348.02"
"LVA","","ALL","1990","1343.71"
"LVA","","ALL","1991","1342.95"
"LVA","","ALL","1992","1268.62"
"LVA","","ALL","1993","1223.15"
"LVA","","ALL","1994","1205.52"
"LVA","","ALL","1995","1119.01"
"LVA","","ALL","1996","1043.5"
"LVA","","ALL","1997","979.92"
"LVA","","ALL","1998","961.2"
"LVA","","ALL","1999","903.33"
"LVA","","ALL","2000","877.4"
"LVA","","ALL","2001","827.88"
"LVA","","ALL","2002","786.69"
"LVA","","ALL","2003","795.43"
"LVA","","ALL","2004","791.43"
"LVA","","ALL","2005","790.42"
"LVA","","ALL","2006","784.68"
"LVA","","ALL","2007","783.2"
"LVA","","ALL","2008","776.5"
"LVA","","ALL","2009","673.96"
"LVA","","ALL","2010","568.28"
"LVA","","ALL","2011","588"
"LVA","","ALL","2012","588.5"
"LVA","","ALL","2013","579.98"
"LVA","","ALL","2014","566.97"
"MCO","","ALL","1989","1810.71"
"MCO","","ALL","1992","2167.86"
"MCO","","ALL","1995","1957.14"
"MCO","","ALL","2006","1478.12"
"MCO","","ALL","2007","1292"
"MCO","","ALL","2008","1290.73"
"MCO","","ALL","2009","1332.57"
"MCO","","ALL","2010","1505.71"
"MCO","","ALL","2011","1646.16"
"MCO","","ALL","2012","1712.97"
"MCO","","ALL","2013","2105.12"
"MCO","","ALL","2014","2113.07"
"MDA","","ALL","1980","1196.63"
"MDA","","ALL","1981","1208.22"
"MDA","","ALL","1982","1205.12"
"MDA","","ALL","1983","1213.58"
"MDA","","ALL","1984","1214.5"
"MDA","","ALL","1985","1222.04"
"MDA","","ALL","1986","1243.55"
"MDA","","ALL","1987","1266.76"
"MDA","","ALL","1988","1276.37"
"MDA","","ALL","1989","1272.49"
"MDA","","ALL","1990","1314.78"
"MDA","","ALL","1991","1311.6"
"MDA","","ALL","1992","1279.02"
"MDA","","ALL","1993","1248.25"
"MDA","","ALL","1994","1222.15"
"MDA","","ALL","1995","1221.22"
"MDA","","ALL","1996","1212.96"
"MDA","","ALL","1997","1371.05"
"MDA","","ALL","1998","1321.23"
"MDA","","ALL","1999","770.77"
"MDA","","ALL","2000","708.43"
"MDA","","ALL","2001","689.64"
"MDA","","ALL","2002","674.65"
"MDA","","ALL","2003","666.98"
"MDA","","ALL","2004","641.32"
"MDA","","ALL","2005","638.66"
"MDA","","ALL","2006","626.77"
"MDA","","ALL","2007","612.04"
"MDA","","ALL","2008","610.57"
"MDA","","ALL","2009","615.27"
"MDA","","ALL","2010","618.21"
"MDA","","ALL","2011","618.85"
"MDA","","ALL","2012","622.61"
"MDA","","ALL","2013","583.38"
"MDA","","ALL","2014","566.05"
"MKD","","ALL","1970","545.03"
"MKD","","ALL","1971","544.34"
"MKD","","ALL","1972","549.43"
"MKD","","ALL","1973","540.28"
"MKD","","ALL","1974","546.44"
"MKD","","ALL","1975","544.44"
"MKD","","ALL","1976","531.09"
"MKD","","ALL","1977","526.98"
"MKD","","ALL","1978","517.38"
"MKD","","ALL","1979","524.37"
"MKD","","ALL","1980","519.85"
"MKD","","ALL","1981","518.16"
"MKD","","ALL","1982","536.46"
"MKD","","ALL","1983","533.83"
"MKD","","ALL","1984","540.29"
"MKD","","ALL","1985","551.19"
"MKD","","ALL","1986","549.95"
"MKD","","ALL","1987","543.36"
"MKD","","ALL","1988","547.43"
"MKD","","ALL","1989","549.9"
"MKD","","ALL","1990","548.27"
"MKD","","ALL","1991","578.73"
"MKD","","ALL","1992","565.02"
"MKD","","ALL","1993","560.06"
"MKD","","ALL","1994","555"
"MKD","","ALL","1995","541.45"
"MKD","","ALL","1996","519.94"
"MKD","","ALL","1997","515.7"
"MKD","","ALL","1998","514.71"
"MKD","","ALL","1999","510.28"
"MKD","","ALL","2000","505.74"
"MKD","","ALL","2001","493.64"
"MKD","","ALL","2002","483.63"
"MKD","","ALL","2003","480.71"
"MKD","","ALL","2004","477.19"
"MKD","","ALL","2005","469.79"
"MKD","","ALL","2006","462.69"
"MKD","","ALL","2007","456.36"
"MKD","","ALL","2008","454.64"
"MKD","","ALL","2009","447.8"
"MKD","","ALL","2010","459.07"
"MKD","","ALL","2011","450.76"
"MKD","","ALL","2012","440.36"
"MKD","","ALL","2013","442.79"
"MLT","","ALL","2000","547.68"
"MLT","","ALL","2001","756.69"
"MLT","","ALL","2002","748.29"
"MLT","","ALL","2003","742.88"
"MLT","","ALL","2004","745.64"
"MLT","","ALL","2005","744.53"
"MLT","","ALL","2006","756.87"
"MLT","","ALL","2007","784.7"
"MLT","","ALL","2008","738.83"
"MLT","","ALL","2009","483.12"
"MLT","","ALL","2010","452.04"
"MLT","","ALL","2011","438.13"
"MLT","","ALL","2012","471.27"
"MLT","","ALL","2013","480.36"
"MLT","","ALL","2014","477.35"
"MLT","","ALL","2015","487.5"
"MNE","","ALL","1970","603.05"
"MNE","","ALL","1971","616.55"
"MNE","","ALL","1972","596.29"
"MNE","","ALL","1973","671.8"
"MNE","","ALL","1974","665.58"
"MNE","","ALL","1975","743.38"
"MNE","","ALL","1976","740.92"
"MNE","","ALL","1977","726.62"
"MNE","","ALL","1978","725.83"
"MNE","","ALL","1979","681.16"
"MNE","","ALL","1980","713.52"
"MNE","","ALL","1981","845.52"
"MNE","","ALL","1982","848.71"
"MNE","","ALL","1983","840.07"
"MNE","","ALL","1984","794.16"
"MNE","","ALL","1985","766.11"
"MNE","","ALL","1986","896.11"
"MNE","","ALL","1987","791.52"
"MNE","","ALL","1988","849.95"
"MNE","","ALL","1989","827.77"
"MNE","","ALL","1990","497.75"
"MNE","","ALL","1991","497.21"
"MNE","","ALL","1992","419.23"
"MNE","","ALL","1993","413.66"
"MNE","","ALL","1994","405.91"
"MNE","","ALL","1995","403.71"
"MNE","","ALL","1996","407.62"
"MNE","","ALL","1997","407.52"
"MNE","","ALL","1998","402.4"
"MNE","","ALL","1999","400.76"
"MNE","","ALL","2000","422.41"
"MNE","","ALL","2001","425.32"
"MNE","","ALL","2002","419.67"
"MNE","","ALL","2003","422.39"
"MNE","","ALL","2004","421.46"
"MNE","","ALL","2005","418.43"
"MNE","","ALL","2006","414.26"
"MNE","","ALL","2007","397.8"
"MNE","","ALL","2008","385.18"
"MNE","","ALL","2009","385.88"
"MNE","","ALL","2010","398.05"
"MNE","","ALL","2011","397.69"
"MNE","","ALL","2012","397.36"
"MNE","","ALL","2013","388.92"
"MNE","","ALL","2014","391.18"
"NLD","","ALL","1990","582.4"
"NLD","","ALL","1991","573.07"
"NLD","","ALL","1992","566.48"
"NLD","","ALL","1993","557.16"
"NLD","","ALL","1994","537.56"
"NLD","","ALL","1995","526.79"
"NLD","","ALL","1996","520.96"
"NLD","","ALL","1997","518.65"
"NLD","","ALL","1998","510.56"
"NLD","","ALL","1999","503.98"
"NLD","","ALL","2000","482.62"
"NLD","","ALL","2001","465.06"
"NLD","","ALL","2002","457.08"
"NLD","","ALL","2003","449.98"
"NLD","","ALL","2004","447.15"
"NLD","","ALL","2005","445.45"
"NLD","","ALL","2006","478.03"
"NLD","","ALL","2007","474.19"
"NLD","","ALL","2008","469.85"
"NLD","","ALL","2009","465.69"
"NOR","","ALL","1980","727.34"
"NOR","","ALL","1985","596.65"
"NOR","","ALL","1986","586.71"
"NOR","","ALL","1987","574.77"
"NOR","","ALL","1988","540.28"
"NOR","","ALL","1989","495.71"
"NOR","","ALL","1990","466.87"
"NOR","","ALL","1991","434.51"
"NOR","","ALL","1992","420.7"
"NOR","","ALL","1993","411.71"
"NOR","","ALL","1994","408.36"
"NOR","","ALL","1995","401.63"
"NOR","","ALL","1996","396.91"
"NOR","","ALL","1997","394.6"
"NOR","","ALL","1998","391.55"
"NOR","","ALL","1999","388.71"
"NOR","","ALL","2000","381.48"
"NOR","","ALL","2001","381.66"
"NOR","","ALL","2002","499.37"
"NOR","","ALL","2003","498.9"
"NOR","","ALL","2004","524.53"
"NOR","","ALL","2005","516.1"
"NOR","","ALL","2006","502.65"
"NOR","","ALL","2007","486.41"
"NOR","","ALL","2008","463.51"
"NOR","","ALL","2009","452.29"
"NOR","","ALL","2010","430.41"
"NOR","","ALL","2011","419.5"
"NOR","","ALL","2012","397.26"
"NOR","","ALL","2013","385.81"
"NOR","","ALL","2014","383.67"
"","NORDIC","ALL","1993","584.88"
"","NORDIC","ALL","1994","549.96"
"","NORDIC","ALL","1995","532.73"
"","NORDIC","ALL","1996","513.73"
"","NORDIC","ALL","1997","494.91"
"","NORDIC","ALL","1998","482.5"
"","NORDIC","ALL","1999","472.9"
"","NORDIC","ALL","2000","463.75"
"","NORDIC","ALL","2001","449.08"
"","NORDIC","ALL","2002","464.74"
"","NORDIC","ALL","2003","456.09"
"","NORDIC","ALL","2004","452.78"
"","NORDIC","ALL","2005","444.79"
"","NORDIC","ALL","2006","437.7"
"","NORDIC","ALL","2007","426.09"
"","NORDIC","ALL","2008","413.09"
"","NORDIC","ALL","2009","400.53"
"","NORDIC","ALL","2010","386.61"
"","NORDIC","ALL","2011","368.35"
"","NORDIC","ALL","2012","355.48"
"","NORDIC","ALL","2013","342.71"
"","NORDIC","ALL","2014","324.31"
"POL","","ALL","2003","668.06"
"POL","","ALL","2004","666.84"
"POL","","ALL","2005","652.13"
"POL","","ALL","2006","647.35"
"POL","","ALL","2007","642.45"
"POL","","ALL","2008","662.13"
"POL","","ALL","2009","665.25"
"POL","","ALL","2010","660.99"
"POL","","ALL","2011","663.01"
"POL","","ALL","2012","663.05"
"POL","","ALL","2013","660.98"
"POL","","ALL","2014","652.26"
"PRT","","ALL","1985","395.92"
"PRT","","ALL","1986","395.39"
"PRT","","ALL","1987","402.27"
"PRT","","ALL","1988","402.3"
"PRT","","ALL","1989","407.01"
"PRT","","ALL","1990","404.51"
"PRT","","ALL","1991","400.54"
"PRT","","ALL","1992","400.65"
"PRT","","ALL","1993","395.5"
"PRT","","ALL","1994","392.52"
"PRT","","ALL","1995","391.87"
"PRT","","ALL","1996","398.44"
"PRT","","ALL","1997","392.92"
"PRT","","ALL","1998","385.62"
"PRT","","ALL","1999","374.46"
"PRT","","ALL","2000","370.9"
"PRT","","ALL","2001","364.86"
"PRT","","ALL","2002","356.65"
"PRT","","ALL","2003","358.16"
"PRT","","ALL","2004","358.91"
"PRT","","ALL","2005","355.81"
"PRT","","ALL","2006","347.88"
"PRT","","ALL","2007","343.55"
"PRT","","ALL","2008","339.1"
"PRT","","ALL","2009","337.19"
"PRT","","ALL","2010","337.14"
"PRT","","ALL","2011","337.21"
"PRT","","ALL","2012","340.61"
"PRT","","ALL","2013","339.27"
"PRT","","ALL","2014","331.87"
"ROU","","ALL","1970","702.36"
"ROU","","ALL","1980","877.62"
"ROU","","ALL","1981","877.51"
"ROU","","ALL","1982","881.07"
"ROU","","ALL","1983","883.96"
"ROU","","ALL","1984","889.58"
"ROU","","ALL","1985","894.04"
"ROU","","ALL","1986","894.66"
"ROU","","ALL","1987","895.02"
"ROU","","ALL","1988","894.22"
"ROU","","ALL","1989","893.71"
"ROU","","ALL","1990","891.99"
"ROU","","ALL","1991","892.25"
"ROU","","ALL","1992","786.21"
"ROU","","ALL","1993","786.99"
"ROU","","ALL","1994","769.45"
"ROU","","ALL","1995","764.12"
"ROU","","ALL","1996","756.18"
"ROU","","ALL","1997","738.1"
"ROU","","ALL","1998","731.14"
"ROU","","ALL","1999","757.92"
"ROU","","ALL","2000","769.58"
"ROU","","ALL","2001","773.73"
"ROU","","ALL","2002","766.69"
"ROU","","ALL","2003","674.62"
"ROU","","ALL","2004","674.08"
"ROU","","ALL","2005","677.63"
"ROU","","ALL","2006","674.23"
"ROU","","ALL","2007","654.15"
"ROU","","ALL","2008","657.2"
"ROU","","ALL","2009","662.33"
"ROU","","ALL","2010","628.69"
"ROU","","ALL","2011","613.32"
"ROU","","ALL","2012","620.66"
"ROU","","ALL","2013","596.4"
"RUS","","ALL","1985","1298.16"
"RUS","","ALL","1986","1304.63"
"RUS","","ALL","1987","1311.76"
"RUS","","ALL","1988","1317.52"
"RUS","","ALL","1989","1318.62"
"RUS","","ALL","1990","1305.53"
"RUS","","ALL","1991","1270.2"
"RUS","","ALL","1992","1223.43"
"RUS","","ALL","1993","1219.59"
"RUS","","ALL","1994","1196.12"
"RUS","","ALL","1995","1187.27"
"RUS","","ALL","1996","1163.26"
"RUS","","ALL","1997","1134.08"
"RUS","","ALL","1998","1110.61"
"RUS","","ALL","1999","1085.04"
"RUS","","ALL","2000","1089.2"
"RUS","","ALL","2001","1083.05"
"RUS","","ALL","2002","1071.3"
"RUS","","ALL","2003","1050.55"
"RUS","","ALL","2004","987.92"
"RUS","","ALL","2005","974.22"
"RUS","","ALL","2006","965.85"
"RUS","","ALL","2007","950.16"
"RUS","","ALL","2008","924.04"
"RUS","","ALL","2009","901.23"
"RUS","","ALL","2010","875.13"
"RUS","","ALL","2011","857.14"
"RUS","","ALL","2012","839.98"
"RUS","","ALL","2013","817.53"
"","SEEHN","ALL","1980","744.02"
"","SEEHN","ALL","1981","746.23"
"","SEEHN","ALL","1982","747.73"
"","SEEHN","ALL","1983","748.79"
"","SEEHN","ALL","1984","749.84"
"","SEEHN","ALL","1985","751.02"
"","SEEHN","ALL","1986","753.73"
"","SEEHN","ALL","1987","752.27"
"","SEEHN","ALL","1988","752.74"
"","SEEHN","ALL","1989","751.73"
"","SEEHN","ALL","1990","747.68"
"","SEEHN","ALL","1991","744.94"
"","SEEHN","ALL","1992","697.69"
"","SEEHN","ALL","1993","693.5"
"","SEEHN","ALL","1994","678.39"
"","SEEHN","ALL","1995","674.4"
"","SEEHN","ALL","1996","668.23"
"","SEEHN","ALL","1997","659.78"
"","SEEHN","ALL","1998","652.53"
"","SEEHN","ALL","1999","624.87"
"","SEEHN","ALL","2000","625.67"
"","SEEHN","ALL","2001","621.1"
"","SEEHN","ALL","2002","603.13"
"","SEEHN","ALL","2003","564.36"
"","SEEHN","ALL","2004","557.33"
"","SEEHN","ALL","2005","561.96"
"","SEEHN","ALL","2006","554.32"
"","SEEHN","ALL","2007","544.27"
"","SEEHN","ALL","2008","544.77"
"","SEEHN","ALL","2009","545.88"
"","SEEHN","ALL","2010","532.32"
"","SEEHN","ALL","2011","524.13"
"","SEEHN","ALL","2012","528.67"
"","SEEHN","ALL","2013","521.01"
"","SEEHN","ALL","2014","522.55"
"","SMALL","ALL","2000","498.3"
"","SMALL","ALL","2004","509.87"
"","SMALL","ALL","2005","493.19"
"","SMALL","ALL","2006","489.08"
"","SMALL","ALL","2007","488.03"
"","SMALL","ALL","2008","473.02"
"","SMALL","ALL","2009","431.39"
"","SMALL","ALL","2010","422.47"
"","SMALL","ALL","2011","417.73"
"","SMALL","ALL","2012","418.35"
"","SMALL","ALL","2013","420.18"
"","SMALL","ALL","2014","418.6"
"SMR","","ALL","2011","352.78"
"SMR","","ALL","2012","348.98"
"SMR","","ALL","2013","348.73"
"SMR","","ALL","2014","357.66"
"SRB","","ALL","2006","554.35"
"SRB","","ALL","2007","534.63"
"SRB","","ALL","2008","533.73"
"SRB","","ALL","2009","535.47"
"SRB","","ALL","2010","538.97"
"SRB","","ALL","2011","542.75"
"SRB","","ALL","2012","543.93"
"SRB","","ALL","2013","549.72"
"SRB","","ALL","2014","552.39"
"SVK","","ALL","1996","831.81"
"SVK","","ALL","1997","814.51"
"SVK","","ALL","1998","804.1"
"SVK","","ALL","1999","795.41"
"SVK","","ALL","2000","783.85"
"SVK","","ALL","2001","766.74"
"SVK","","ALL","2002","756.93"
"SVK","","ALL","2003","723.9"
"SVK","","ALL","2004","689.8"
"SVK","","ALL","2005","676.98"
"SVK","","ALL","2006","671.19"
"SVK","","ALL","2007","675.26"
"SVK","","ALL","2008","655.67"
"SVK","","ALL","2009","650.53"
"SVK","","ALL","2010","641.68"
"SVK","","ALL","2011","605.05"
"SVK","","ALL","2012","591.08"
"SVK","","ALL","2013","580.34"
"SVK","","ALL","2014","578.07"
"SVN","","ALL","1980","695.26"
"SVN","","ALL","1985","632.61"
"SVN","","ALL","1986","628.31"
"SVN","","ALL","1987","622.98"
"SVN","","ALL","1988","612.7"
"SVN","","ALL","1989","605.43"
"SVN","","ALL","1990","604.63"
"SVN","","ALL","1991","600.27"
"SVN","","ALL","1992","593.19"
"SVN","","ALL","1993","579.72"
"SVN","","ALL","1994","577.87"
"SVN","","ALL","1995","574.14"
"SVN","","ALL","1996","566.3"
"SVN","","ALL","1997","565.37"
"SVN","","ALL","1998","559.72"
"SVN","","ALL","1999","551.94"
"SVN","","ALL","2000","539.88"
"SVN","","ALL","2001","516.36"
"SVN","","ALL","2002","508.44"
"SVN","","ALL","2003","495.55"
"SVN","","ALL","2004","479.92"
"SVN","","ALL","2005","483.03"
"SVN","","ALL","2006","476.32"
"SVN","","ALL","2007","466.18"
"SVN","","ALL","2008","470.04"
"SVN","","ALL","2009","459.72"
"SVN","","ALL","2010","457.09"
"SVN","","ALL","2011","462.51"
"SVN","","ALL","2012","454.66"
"SVN","","ALL","2013","455.39"
"SVN","","ALL","2014","452.84"
"SWE","","ALL","1970","1532.1"
"SWE","","ALL","1971","1534.09"
"SWE","","ALL","1972","1553.59"
"SWE","","ALL","1973","1563.56"
"SWE","","ALL","1974","1563.03"
"SWE","","ALL","1975","1548.05"
"SWE","","ALL","1976","1535.46"
"SWE","","ALL","1977","1523.63"
"SWE","","ALL","1978","1545.07"
"SWE","","ALL","1979","1520.46"
"SWE","","ALL","1980","1514.51"
"SWE","","ALL","1981","1548.39"
"SWE","","ALL","1982","1499.03"
"SWE","","ALL","1983","1496.51"
"SWE","","ALL","1984","1489.35"
"SWE","","ALL","1985","1460.01"
"SWE","","ALL","1986","1418.36"
"SWE","","ALL","1987","1369.76"
"SWE","","ALL","1988","1328.69"
"SWE","","ALL","1989","1292.26"
"SWE","","ALL","1990","1244.15"
"SWE","","ALL","1991","1185.92"
"SWE","","ALL","1992","666.56"
"SWE","","ALL","1993","607.79"
"SWE","","ALL","1994","518.6"
"SWE","","ALL","1995","479.88"
"SWE","","ALL","1996","431.39"
"SWE","","ALL","1997","394.35"
"SWE","","ALL","1998","375.47"
"SWE","","ALL","1999","369.78"
"SWE","","ALL","2000","358.02"
"SWE","","ALL","2001","327.36"
"SWE","","ALL","2002","312.89"
"SWE","","ALL","2003","305.1"
"SWE","","ALL","2004","301.19"
"SWE","","ALL","2005","293.24"
"SWE","","ALL","2006","288.78"
"SWE","","ALL","2007","286.35"
"SWE","","ALL","2008","280.51"
"SWE","","ALL","2009","275.88"
"SWE","","ALL","2010","272.61"
"SWE","","ALL","2011","270.56"
"SWE","","ALL","2012","261.86"
"SWE","","ALL","2013","259.42"
"SWE","","ALL","2014","253.55"
"TJK","","ALL","1985","1064.48"
"TJK","","ALL","1986","1064.49"
"TJK","","ALL","1987","1065.56"
"TJK","","ALL","1988","1067.42"
"TJK","","ALL","1989","1062.98"
"TJK","","ALL","1990","1066.18"
"TJK","","ALL","1991","1096.29"
"TJK","","ALL","1992","1124.23"
"TJK","","ALL","1993","1068.12"
"TJK","","ALL","1994","894.13"
"TJK","","ALL","1995","820.15"
"TJK","","ALL","1996","747.24"
"TJK","","ALL","1997","722.34"
"TJK","","ALL","1998","691.49"
"TJK","","ALL","1999","679.63"
"TJK","","ALL","2000","653.86"
"TJK","","ALL","2001","639.77"
"TJK","","ALL","2002","627.36"
"TJK","","ALL","2003","612.18"
"TJK","","ALL","2004","604.38"
"TJK","","ALL","2005","586.51"
"TJK","","ALL","2006","611.96"
"TJK","","ALL","2007","543.99"
"TJK","","ALL","2008","530.12"
"TJK","","ALL","2009","518.61"
"TJK","","ALL","2010","507.59"
"TJK","","ALL","2011","494.54"
"TJK","","ALL","2012","482.53"
"TJK","","ALL","2013","475.62"
"TJK","","ALL","2014","466.67"
"TKM","","ALL","1980","1046.05"
"TKM","","ALL","1985","1066.8"
"TKM","","ALL","1986","1112.22"
"TKM","","ALL","1987","1110.5"
"TKM","","ALL","1988","1112.93"
"TKM","","ALL","1989","1119.34"
"TKM","","ALL","1990","1148.5"
"TKM","","ALL","1991","1155.5"
"TKM","","ALL","1992","1141.53"
"TKM","","ALL","1993","1167.89"
"TKM","","ALL","1994","1147.07"
"TKM","","ALL","1995","983.2"
"TKM","","ALL","1996","754.35"
"TKM","","ALL","1997","656.31"
"TKM","","ALL","1998","540.08"
"TKM","","ALL","1999","587.84"
"TKM","","ALL","2000","535.79"
"TKM","","ALL","2001","513.26"
"TKM","","ALL","2002","502.15"
"TKM","","ALL","2003","507.83"
"TKM","","ALL","2004","490.22"
"TKM","","ALL","2005","440.08"
"TKM","","ALL","2006","433.93"
"TKM","","ALL","2007","407.09"
"TKM","","ALL","2008","403.52"
"TKM","","ALL","2009","402.2"
"TKM","","ALL","2010","409.88"
"TKM","","ALL","2011","406.81"
"TKM","","ALL","2012","397.56"
"TKM","","ALL","2013","393.43"
"TKM","","ALL","2014","402.83"
"TUR","","ALL","2000","210.03"
"TUR","","ALL","2001","216.03"
"TUR","","ALL","2002","225.08"
"TUR","","ALL","2003","223.66"
"TUR","","ALL","2004","222.68"
"TUR","","ALL","2005","226.16"
"TUR","","ALL","2006","228.32"
"TUR","","ALL","2007","229.65"
"TUR","","ALL","2008","233.91"
"TUR","","ALL","2009","239.78"
"TUR","","ALL","2010","252.03"
"TUR","","ALL","2011","253.35"
"TUR","","ALL","2012","266.14"
"TUR","","ALL","2013","265.64"
"TUR","","ALL","2014","266.8"
"UKR","","ALL","1980","1214.35"
"UKR","","ALL","1981","1225.33"
"UKR","","ALL","1982","1235.78"
"UKR","","ALL","1983","1244.48"
"UKR","","ALL","1984","1259.1"
"UKR","","ALL","1985","1269.5"
"UKR","","ALL","1986","1278.76"
"UKR","","ALL","1987","1285.06"
"UKR","","ALL","1988","1293.04"
"UKR","","ALL","1989","1300.64"
"UKR","","ALL","1990","1301.31"
"UKR","","ALL","1991","1296.91"
"UKR","","ALL","1992","1272.9"
"UKR","","ALL","1993","1247.07"
"UKR","","ALL","1994","1230.22"
"UKR","","ALL","1995","1189.21"
"UKR","","ALL","1996","1084.07"
"UKR","","ALL","1997","936.62"
"UKR","","ALL","1998","904.29"
"UKR","","ALL","1999","895.17"
"UKR","","ALL","2000","881.57"
"UKR","","ALL","2001","879.06"
"UKR","","ALL","2002","889.33"
"UKR","","ALL","2003","881.08"
"UKR","","ALL","2004","872.85"
"UKR","","ALL","2005","868.33"
"UKR","","ALL","2006","872.97"
"UKR","","ALL","2007","872.48"
"UKR","","ALL","2008","874.51"
"UKR","","ALL","2009","940.38"
"UKR","","ALL","2010","938.22"
"UKR","","ALL","2011","904.87"
"UKR","","ALL","2012","890.71"
"UKR","","ALL","2013","879.81"
"UKR","","ALL","2014","746.26"
"UZB","","ALL","1980","1128.87"
"UZB","","ALL","1981","1151.55"
"UZB","","ALL","1982","1174.92"
"UZB","","ALL","1985","1183.42"
"UZB","","ALL","1986","1195.57"
"UZB","","ALL","1987","1194.57"
"UZB","","ALL","1988","1221.62"
"UZB","","ALL","1989","1228.51"
"UZB","","ALL","1990","1236.96"
"UZB","","ALL","1991","1244.77"
"UZB","","ALL","1992","1075.41"
"UZB","","ALL","1993","939.47"
"UZB","","ALL","1994","866.33"
"UZB","","ALL","1995","714.51"
"UZB","","ALL","1996","641.42"
"UZB","","ALL","1997","635.96"
"UZB","","ALL","1998","555.45"
"UZB","","ALL","1999","538.85"
"UZB","","ALL","2000","533.37"
"UZB","","ALL","2001","534.04"
"UZB","","ALL","2002","553.89"
"UZB","","ALL","2003","547.85"
"UZB","","ALL","2004","526.04"
"UZB","","ALL","2005","519.45"
"UZB","","ALL","2006","511.69"
"UZB","","ALL","2007","483.24"
"UZB","","ALL","2008","467.41"
"UZB","","ALL","2009","457.82"
"UZB","","ALL","2010","443.75"
"UZB","","ALL","2011","432.2"
"UZB","","ALL","2012","418.91"
"UZB","","ALL","2013","399.38"
"UZB","","ALL","2014","397.84"
"","WHO_EURO","ALL","1985","883.54"
"","WHO_EURO","ALL","1986","882.01"
"","WHO_EURO","ALL","1987","881.84"
"","WHO_EURO","ALL","1988","879.83"
"","WHO_EURO","ALL","1989","876.43"
"","WHO_EURO","ALL","1990","872.98"
"","WHO_EURO","ALL","1991","861.63"
"","WHO_EURO","ALL","1992","835.63"
"","WHO_EURO","ALL","1993","821.49"
"","WHO_EURO","ALL","1994","805.11"
"","WHO_EURO","ALL","1995","788.78"
"","WHO_EURO","ALL","1996","769.75"
"","WHO_EURO","ALL","1997","741.53"
"","WHO_EURO","ALL","1998","724.34"
"","WHO_EURO","ALL","1999","706.81"
"","WHO_EURO","ALL","2000","698.39"
"","WHO_EURO","ALL","2001","688.56"
"","WHO_EURO","ALL","2002","679.4"
"","WHO_EURO","ALL","2003","666"
"","WHO_EURO","ALL","2004","646.65"
"","WHO_EURO","ALL","2005","638.79"
"","WHO_EURO","ALL","2006","629.9"
"","WHO_EURO","ALL","2007","618.88"
"","WHO_EURO","ALL","2008","609.61"
"","WHO_EURO","ALL","2009","603.33"
"","WHO_EURO","ALL","2010","589.01"
"","WHO_EURO","ALL","2011","579.15"
"","WHO_EURO","ALL","2012","572.24"
"","WHO_EURO","ALL","2013","562.78"
"","WHO_EURO","ALL","2014","553.21"

"Последнее обновление","2019.10.17 09:38:44 GMT"
"Описание","Число больничных коек на 100000 населения"
"Ссылка","https://dw.euro.who.int/api/v3/measures/HFA_476?lang=Ru"

"Авторские права"
"© Европейское региональное бюро ВОЗ, 2019 г. Все права защищены.","http://www.euro.who.int/ru/home/copyright-notice"
